[
{
    "fields": {
        "app_label": "auth", 
        "model": "permission", 
        "name": "permission"
    }, 
    "model": "contenttypes.contenttype", 
    "pk": 1
},
{
    "fields": {
        "app_label": "auth", 
        "model": "group", 
        "name": "group"
    }, 
    "model": "contenttypes.contenttype", 
    "pk": 2
},
{
    "fields": {
        "app_label": "auth", 
        "model": "user", 
        "name": "user"
    }, 
    "model": "contenttypes.contenttype", 
    "pk": 3
},
{
    "fields": {
        "app_label": "contenttypes", 
        "model": "contenttype", 
        "name": "content type"
    }, 
    "model": "contenttypes.contenttype", 
    "pk": 4
},
{
    "fields": {
        "app_label": "sessions", 
        "model": "session", 
        "name": "session"
    }, 
    "model": "contenttypes.contenttype", 
    "pk": 5
},
{
    "fields": {
        "app_label": "sites", 
        "model": "site", 
        "name": "site"
    }, 
    "model": "contenttypes.contenttype", 
    "pk": 6
},
{
    "fields": {
        "app_label": "admin", 
        "model": "logentry", 
        "name": "log entry"
    }, 
    "model": "contenttypes.contenttype", 
    "pk": 7
},
{
    "fields": {
        "app_label": "wordengine", 
        "model": "syntacticcategory", 
        "name": "syntactic category"
    }, 
    "model": "contenttypes.contenttype", 
    "pk": 8
},
{
    "fields": {
        "app_label": "wordengine", 
        "model": "usageconstraint", 
        "name": "usage constraint"
    }, 
    "model": "contenttypes.contenttype", 
    "pk": 9
},
{
    "fields": {
        "app_label": "wordengine", 
        "model": "grammcategorytype", 
        "name": "gramm category type"
    }, 
    "model": "contenttypes.contenttype", 
    "pk": 10
},
{
    "fields": {
        "app_label": "wordengine", 
        "model": "grammcategory", 
        "name": "gramm category"
    }, 
    "model": "contenttypes.contenttype", 
    "pk": 11
},
{
    "fields": {
        "expire_date": "2014-04-30T13:50:27.573Z", 
        "session_data": "ODFjMDMwNzU5ZTA1NGY0YjVjNDEzMGNkNWE1YWQzYWNlOThjNjQ5ZTp7Il9hdXRoX3VzZXJfYmFja2VuZCI6ImRqYW5nby5jb250cmliLmF1dGguYmFja2VuZHMuTW9kZWxCYWNrZW5kIiwiX2F1dGhfdXNlcl9pZCI6MX0="
    }, 
    "model": "sessions.session", 
    "pk": "655lopkqpeh98t5r84502w6ej1oce0ye"
},
{
    "fields": {
        "expire_date": "2014-04-23T20:26:57.660Z", 
        "session_data": "ODFjMDMwNzU5ZTA1NGY0YjVjNDEzMGNkNWE1YWQzYWNlOThjNjQ5ZTp7Il9hdXRoX3VzZXJfYmFja2VuZCI6ImRqYW5nby5jb250cmliLmF1dGguYmFja2VuZHMuTW9kZWxCYWNrZW5kIiwiX2F1dGhfdXNlcl9pZCI6MX0="
    }, 
    "model": "sessions.session", 
    "pk": "6fvsuy67cmkjmqvy0cn6wyr6z464eeep"
},
{
    "fields": {
        "expire_date": "2014-04-28T14:31:32.485Z", 
        "session_data": "ODFjMDMwNzU5ZTA1NGY0YjVjNDEzMGNkNWE1YWQzYWNlOThjNjQ5ZTp7Il9hdXRoX3VzZXJfYmFja2VuZCI6ImRqYW5nby5jb250cmliLmF1dGguYmFja2VuZHMuTW9kZWxCYWNrZW5kIiwiX2F1dGhfdXNlcl9pZCI6MX0="
    }, 
    "model": "sessions.session", 
    "pk": "bi5jam0so3si6nt619d4m0uy3khw88mw"
},
{
    "fields": {
        "domain": "example.com", 
        "name": "example.com"
    }, 
    "model": "sites.site", 
    "pk": 1
},
{
    "fields": {
        "term_abbr": "v", 
        "term_full": "Verb"
    }, 
    "model": "wordengine.syntacticcategory", 
    "pk": 1
},
{
    "fields": {
        "term_abbr": "n", 
        "term_full": "Noun"
    }, 
    "model": "wordengine.syntacticcategory", 
    "pk": 2
},
{
    "fields": {
        "term_abbr": "adj", 
        "term_full": "Adjective"
    }, 
    "model": "wordengine.syntacticcategory", 
    "pk": 3
},
{
    "fields": {
        "term_abbr": "conj", 
        "term_full": "Conjunction"
    }, 
    "model": "wordengine.syntacticcategory", 
    "pk": 4
},
{
    "fields": {
        "term_abbr": "int", 
        "term_full": "Interjection"
    }, 
    "model": "wordengine.syntacticcategory", 
    "pk": 5
},
{
    "fields": {
        "term_abbr": "", 
        "term_full": "Animacy"
    }, 
    "model": "wordengine.grammcategorytype", 
    "pk": 1
},
{
    "fields": {
        "term_abbr": "", 
        "term_full": "Aspect"
    }, 
    "model": "wordengine.grammcategorytype", 
    "pk": 2
},
{
    "fields": {
        "term_abbr": "", 
        "term_full": "Case"
    }, 
    "model": "wordengine.grammcategorytype", 
    "pk": 3
},
{
    "fields": {
        "term_abbr": "", 
        "term_full": "Comparison"
    }, 
    "model": "wordengine.grammcategorytype", 
    "pk": 4
},
{
    "fields": {
        "term_abbr": "", 
        "term_full": "Gender"
    }, 
    "model": "wordengine.grammcategorytype", 
    "pk": 5
},
{
    "fields": {
        "term_abbr": "", 
        "term_full": "Infinitive"
    }, 
    "model": "wordengine.grammcategorytype", 
    "pk": 6
},
{
    "fields": {
        "term_abbr": "", 
        "term_full": "Mood"
    }, 
    "model": "wordengine.grammcategorytype", 
    "pk": 7
},
{
    "fields": {
        "term_abbr": "", 
        "term_full": "Number"
    }, 
    "model": "wordengine.grammcategorytype", 
    "pk": 8
},
{
    "fields": {
        "term_abbr": "", 
        "term_full": "Person"
    }, 
    "model": "wordengine.grammcategorytype", 
    "pk": 9
},
{
    "fields": {
        "term_abbr": "", 
        "term_full": "Polarity"
    }, 
    "model": "wordengine.grammcategorytype", 
    "pk": 10
},
{
    "fields": {
        "term_abbr": "", 
        "term_full": "Tense"
    }, 
    "model": "wordengine.grammcategorytype", 
    "pk": 11
},
{
    "fields": {
        "term_abbr": "", 
        "term_full": "Voice"
    }, 
    "model": "wordengine.grammcategorytype", 
    "pk": 12
},
{
    "fields": {
        "term_abbr": "nom", 
        "position": null, 
        "gramm_category_type": 3, 
        "term_full": "Nominative"
    }, 
    "model": "wordengine.grammcategory", 
    "pk": 1
},
{
    "fields": {
        "term_abbr": "prt", 
        "position": null, 
        "gramm_category_type": 3, 
        "term_full": "Partitive"
    }, 
    "model": "wordengine.grammcategory", 
    "pk": 2
},
{
    "fields": {
        "term_abbr": "gen", 
        "position": null, 
        "gramm_category_type": 3, 
        "term_full": "Genitive"
    }, 
    "model": "wordengine.grammcategory", 
    "pk": 3
},
{
    "fields": {
        "term_abbr": "acc", 
        "position": null, 
        "gramm_category_type": 3, 
        "term_full": "Accusative"
    }, 
    "model": "wordengine.grammcategory", 
    "pk": 4
},
{
    "fields": {
        "term_abbr": "ads", 
        "position": null, 
        "gramm_category_type": 3, 
        "term_full": "Adessive"
    }, 
    "model": "wordengine.grammcategory", 
    "pk": 5
},
{
    "fields": {
        "term_abbr": "abl", 
        "position": null, 
        "gramm_category_type": 3, 
        "term_full": "Ablative"
    }, 
    "model": "wordengine.grammcategory", 
    "pk": 6
},
{
    "fields": {
        "term_abbr": "all", 
        "position": null, 
        "gramm_category_type": 3, 
        "term_full": "Allative"
    }, 
    "model": "wordengine.grammcategory", 
    "pk": 7
},
{
    "fields": {
        "term_abbr": "ins", 
        "position": null, 
        "gramm_category_type": 3, 
        "term_full": "Inessive"
    }, 
    "model": "wordengine.grammcategory", 
    "pk": 8
},
{
    "fields": {
        "term_abbr": "elt", 
        "position": null, 
        "gramm_category_type": 3, 
        "term_full": "Elative"
    }, 
    "model": "wordengine.grammcategory", 
    "pk": 9
},
{
    "fields": {
        "term_abbr": "ill", 
        "position": null, 
        "gramm_category_type": 3, 
        "term_full": "Illative"
    }, 
    "model": "wordengine.grammcategory", 
    "pk": 10
},
{
    "fields": {
        "term_abbr": "iss", 
        "position": null, 
        "gramm_category_type": 3, 
        "term_full": "Essive"
    }, 
    "model": "wordengine.grammcategory", 
    "pk": 11
},
{
    "fields": {
        "term_abbr": "trn", 
        "position": null, 
        "gramm_category_type": 3, 
        "term_full": "Translative"
    }, 
    "model": "wordengine.grammcategory", 
    "pk": 12
},
{
    "fields": {
        "term_abbr": "com", 
        "position": null, 
        "gramm_category_type": 3, 
        "term_full": "Comitative"
    }, 
    "model": "wordengine.grammcategory", 
    "pk": 13
},
{
    "fields": {
        "term_abbr": "trm", 
        "position": null, 
        "gramm_category_type": 3, 
        "term_full": "Terminative"
    }, 
    "model": "wordengine.grammcategory", 
    "pk": 14
},
{
    "fields": {
        "term_abbr": "abs", 
        "position": null, 
        "gramm_category_type": 3, 
        "term_full": "Abessive"
    }, 
    "model": "wordengine.grammcategory", 
    "pk": 15
},
{
    "fields": {
        "term_abbr": "", 
        "position": null, 
        "gramm_category_type": 4, 
        "term_full": "Positive"
    }, 
    "model": "wordengine.grammcategory", 
    "pk": 16
},
{
    "fields": {
        "term_abbr": "cmp", 
        "position": null, 
        "gramm_category_type": 4, 
        "term_full": "Comparative"
    }, 
    "model": "wordengine.grammcategory", 
    "pk": 17
},
{
    "fields": {
        "term_abbr": "sup", 
        "position": null, 
        "gramm_category_type": 4, 
        "term_full": "Superlative"
    }, 
    "model": "wordengine.grammcategory", 
    "pk": 18
},
{
    "fields": {
        "term_abbr": "", 
        "position": null, 
        "gramm_category_type": 7, 
        "term_full": "Indicative"
    }, 
    "model": "wordengine.grammcategory", 
    "pk": 19
},
{
    "fields": {
        "term_abbr": "", 
        "position": null, 
        "gramm_category_type": 7, 
        "term_full": "Imperative"
    }, 
    "model": "wordengine.grammcategory", 
    "pk": 20
},
{
    "fields": {
        "term_abbr": "", 
        "position": null, 
        "gramm_category_type": 7, 
        "term_full": "Conditional"
    }, 
    "model": "wordengine.grammcategory", 
    "pk": 21
},
{
    "fields": {
        "term_abbr": "sg", 
        "position": null, 
        "gramm_category_type": 8, 
        "term_full": "Singular"
    }, 
    "model": "wordengine.grammcategory", 
    "pk": 22
},
{
    "fields": {
        "term_abbr": "pl", 
        "position": null, 
        "gramm_category_type": 8, 
        "term_full": "Plural"
    }, 
    "model": "wordengine.grammcategory", 
    "pk": 23
},
{
    "fields": {
        "term_abbr": "", 
        "position": null, 
        "gramm_category_type": 9, 
        "term_full": "First"
    }, 
    "model": "wordengine.grammcategory", 
    "pk": 24
},
{
    "fields": {
        "term_abbr": "", 
        "position": null, 
        "gramm_category_type": 9, 
        "term_full": "Second"
    }, 
    "model": "wordengine.grammcategory", 
    "pk": 25
},
{
    "fields": {
        "term_abbr": "", 
        "position": null, 
        "gramm_category_type": 9, 
        "term_full": "Third"
    }, 
    "model": "wordengine.grammcategory", 
    "pk": 26
},
{
    "fields": {
        "term_abbr": "", 
        "position": null, 
        "gramm_category_type": 9, 
        "term_full": "Indefinite-personal form"
    }, 
    "model": "wordengine.grammcategory", 
    "pk": 27
},
{
    "fields": {
        "term_abbr": "", 
        "position": null, 
        "gramm_category_type": 11, 
        "term_full": "Present"
    }, 
    "model": "wordengine.grammcategory", 
    "pk": 28
},
{
    "fields": {
        "term_abbr": "", 
        "position": null, 
        "gramm_category_type": 11, 
        "term_full": "Past"
    }, 
    "model": "wordengine.grammcategory", 
    "pk": 29
},
{
    "fields": {
        "term_abbr": "", 
        "position": null, 
        "gramm_category_type": 11, 
        "term_full": "Future"
    }, 
    "model": "wordengine.grammcategory", 
    "pk": 30
},
{
    "fields": {
        "term_abbr": "", 
        "position": null, 
        "gramm_category_type": 11, 
        "term_full": "Perfect"
    }, 
    "model": "wordengine.grammcategory", 
    "pk": 31
},
{
    "fields": {
        "term_abbr": "", 
        "position": null, 
        "gramm_category_type": 11, 
        "term_full": "Pluperfect"
    }, 
    "model": "wordengine.grammcategory", 
    "pk": 32
},
{
    "fields": {
        "term_abbr": "", 
        "position": null, 
        "gramm_category_type": 6, 
        "term_full": "da-"
    }, 
    "model": "wordengine.grammcategory", 
    "pk": 33
},
{
    "fields": {
        "term_abbr": "", 
        "position": null, 
        "gramm_category_type": 6, 
        "term_full": "ma-"
    }, 
    "model": "wordengine.grammcategory", 
    "pk": 34
},
{
    "fields": {
        "term_abbr": "", 
        "position": null, 
        "gramm_category_type": 6, 
        "term_full": " "
    }, 
    "model": "wordengine.grammcategory", 
    "pk": 35
},
{
    "fields": {
        "term_abbr": "", 
        "position": null, 
        "gramm_category_type": 6, 
        "term_full": "1st"
    }, 
    "model": "wordengine.grammcategory", 
    "pk": 36
},
{
    "fields": {
        "term_abbr": "Izh", 
        "syntactic_category_multi": [
            1, 
            2, 
            3
        ], 
        "term_full": "I\u017eoran"
    }, 
    "model": "wordengine.language", 
    "pk": 1
},
{
    "fields": {
        "term_abbr": "rus", 
        "syntactic_category_multi": [
            1, 
            2, 
            3
        ], 
        "term_full": "Russian"
    }, 
    "model": "wordengine.language", 
    "pk": 2
},
{
    "fields": {
        "term_abbr": "fin", 
        "syntactic_category_multi": [
            1, 
            2, 
            3
        ], 
        "term_full": "Suomi"
    }, 
    "model": "wordengine.language", 
    "pk": 3
},
{
    "fields": {
        "term_abbr": "", 
        "term_full": "Own knowledge"
    }, 
    "model": "wordengine.sourcetype", 
    "pk": 1
},
{
    "fields": {
        "term_abbr": "", 
        "term_full": "Dictionary/Educational"
    }, 
    "model": "wordengine.sourcetype", 
    "pk": 2
},
{
    "fields": {
        "term_abbr": "", 
        "language": 1, 
        "source_type": 2, 
        "description": "", 
        "term_full": "Nirvi"
    }, 
    "model": "wordengine.source", 
    "pk": 1
},
{
    "fields": {
        "term_abbr": "ala", 
        "language": 1, 
        "parent_dialect": null, 
        "term_full": "Alalaukan"
    }, 
    "model": "wordengine.dialect", 
    "pk": 1
},
{
    "fields": {
        "term_abbr": "ala_s", 
        "language": 1, 
        "parent_dialect": 1, 
        "term_full": "South Alalaukan"
    }, 
    "model": "wordengine.dialect", 
    "pk": 2
},
{
    "fields": {
        "term_abbr": "ala_e", 
        "language": 1, 
        "parent_dialect": 1, 
        "term_full": "East Alalaukan"
    }, 
    "model": "wordengine.dialect", 
    "pk": 3
},
{
    "fields": {
        "term_abbr": "soi", 
        "language": 1, 
        "parent_dialect": null, 
        "term_full": "Soikkolan"
    }, 
    "model": "wordengine.dialect", 
    "pk": 4
},
{
    "fields": {
        "term_abbr": "", 
        "term_full": "Phonetic strict"
    }, 
    "model": "wordengine.writingsystemtype", 
    "pk": 1
},
{
    "fields": {
        "term_abbr": "", 
        "term_full": "Phonetic loose"
    }, 
    "model": "wordengine.writingsystemtype", 
    "pk": 2
},
{
    "fields": {
        "term_abbr": "", 
        "term_full": "Orphographic"
    }, 
    "model": "wordengine.writingsystemtype", 
    "pk": 3
},
{
    "fields": {
        "term_abbr": "IPA", 
        "language": null, 
        "description": "", 
        "writing_system_type": 1, 
        "term_full": "International Phonetic Alphabet"
    }, 
    "model": "wordengine.writingsystem", 
    "pk": 1
},
{
    "fields": {
        "term_abbr": "", 
        "language": 1, 
        "description": "", 
        "writing_system_type": 2, 
        "term_full": "Finno-Ugric Simplified Transcription"
    }, 
    "model": "wordengine.writingsystem", 
    "pk": 2
},
{
    "fields": {
        "language": 1, 
        "syntactic_category": 1, 
        "gramm_category_multi": [
            33
        ], 
        "position": 1
    }, 
    "model": "wordengine.grammcategoryset", 
    "pk": 1
},
{
    "fields": {
        "language": 1, 
        "syntactic_category": 1, 
        "gramm_category_multi": [
            34
        ], 
        "position": 2
    }, 
    "model": "wordengine.grammcategoryset", 
    "pk": 2
},
{
    "fields": {
        "language": 1, 
        "syntactic_category": 1, 
        "gramm_category_multi": [
            22, 
            28
        ], 
        "position": 11
    }, 
    "model": "wordengine.grammcategoryset", 
    "pk": 3
},
{
    "fields": {
        "language": 1, 
        "syntactic_category": 1, 
        "gramm_category_multi": [
            23, 
            28
        ], 
        "position": 12
    }, 
    "model": "wordengine.grammcategoryset", 
    "pk": 4
},
{
    "fields": {
        "language": 1, 
        "syntactic_category": 2, 
        "gramm_category_multi": [
            1, 
            22
        ], 
        "position": 101
    }, 
    "model": "wordengine.grammcategoryset", 
    "pk": 5
},
{
    "fields": {
        "language": 1, 
        "syntactic_category": 2, 
        "gramm_category_multi": [
            3, 
            22
        ], 
        "position": 102
    }, 
    "model": "wordengine.grammcategoryset", 
    "pk": 6
},
{
    "fields": {
        "language": 2, 
        "syntactic_category": 1, 
        "gramm_category_multi": [
            35
        ], 
        "position": 1
    }, 
    "model": "wordengine.grammcategoryset", 
    "pk": 7
},
{
    "fields": {
        "language": 3, 
        "syntactic_category": 1, 
        "gramm_category_multi": [
            36
        ], 
        "position": 1
    }, 
    "model": "wordengine.grammcategoryset", 
    "pk": 8
},
{
    "fields": {
        "language": 1, 
        "syntactic_category": 2, 
        "gramm_category_multi": [
            1, 
            23
        ], 
        "position": 105
    }, 
    "model": "wordengine.grammcategoryset", 
    "pk": 9
},
{
    "fields": {
        "language": 1, 
        "syntactic_category": 2, 
        "gramm_category_multi": [
            2, 
            23
        ], 
        "position": 107
    }, 
    "model": "wordengine.grammcategoryset", 
    "pk": 10
},
{
    "fields": {
        "language": 1, 
        "syntactic_category": 2, 
        "gramm_category_multi": [
            2, 
            22
        ], 
        "position": 103
    }, 
    "model": "wordengine.grammcategoryset", 
    "pk": 11
},
{
    "fields": {
        "language": 1, 
        "syntactic_category": 2, 
        "gramm_category_multi": [
            10, 
            22
        ], 
        "position": 104
    }, 
    "model": "wordengine.grammcategoryset", 
    "pk": 12
},
{
    "fields": {
        "language": 1, 
        "syntactic_category": 2, 
        "gramm_category_multi": [
            3, 
            23
        ], 
        "position": 106
    }, 
    "model": "wordengine.grammcategoryset", 
    "pk": 13
},
{
    "fields": {
        "language": 1, 
        "syntactic_category": 2, 
        "gramm_category_multi": [
            10, 
            23
        ], 
        "position": 108
    }, 
    "model": "wordengine.grammcategoryset", 
    "pk": 14
},
{
    "fields": {
        "language": 1, 
        "inflection": null, 
        "syntactic_category": 1
    }, 
    "model": "wordengine.lexeme", 
    "pk": 1
},
{
    "fields": {
        "language": 2, 
        "inflection": null, 
        "syntactic_category": 1
    }, 
    "model": "wordengine.lexeme", 
    "pk": 2
},
{
    "fields": {
        "language": 1, 
        "inflection": null, 
        "syntactic_category": null
    }, 
    "model": "wordengine.lexeme", 
    "pk": 3
},
{
    "fields": {
        "language": 1, 
        "inflection": null, 
        "syntactic_category": null
    }, 
    "model": "wordengine.lexeme", 
    "pk": 4
},
{
    "fields": {
        "language": 1, 
        "inflection": null, 
        "syntactic_category": null
    }, 
    "model": "wordengine.lexeme", 
    "pk": 5
},
{
    "fields": {
        "language": 1, 
        "inflection": null, 
        "syntactic_category": null
    }, 
    "model": "wordengine.lexeme", 
    "pk": 6
},
{
    "fields": {
        "language": 1, 
        "inflection": null, 
        "syntactic_category": 3
    }, 
    "model": "wordengine.lexeme", 
    "pk": 7
},
{
    "fields": {
        "language": 1, 
        "inflection": null, 
        "syntactic_category": 3
    }, 
    "model": "wordengine.lexeme", 
    "pk": 8
},
{
    "fields": {
        "language": 1, 
        "inflection": null, 
        "syntactic_category": 3
    }, 
    "model": "wordengine.lexeme", 
    "pk": 9
},
{
    "fields": {
        "language": 2, 
        "inflection": null, 
        "syntactic_category": 1
    }, 
    "model": "wordengine.lexeme", 
    "pk": 10
},
{
    "fields": {
        "language": 1, 
        "inflection": null, 
        "syntactic_category": 2
    }, 
    "model": "wordengine.lexeme", 
    "pk": 11
},
{
    "fields": {
        "language": 2, 
        "inflection": null, 
        "syntactic_category": 2
    }, 
    "model": "wordengine.lexeme", 
    "pk": 12
},
{
    "fields": {
        "language": 3, 
        "inflection": null, 
        "syntactic_category": 1
    }, 
    "model": "wordengine.lexeme", 
    "pk": 13
},
{
    "fields": {
        "language": 1, 
        "inflection": null, 
        "syntactic_category": 5
    }, 
    "model": "wordengine.lexeme", 
    "pk": 14
},
{
    "fields": {
        "language": 3, 
        "inflection": null, 
        "syntactic_category": 5
    }, 
    "model": "wordengine.lexeme", 
    "pk": 15
},
{
    "fields": {
        "language": 1, 
        "inflection": null, 
        "syntactic_category": 4
    }, 
    "model": "wordengine.lexeme", 
    "pk": 16
},
{
    "fields": {
        "language": 3, 
        "inflection": null, 
        "syntactic_category": 4
    }, 
    "model": "wordengine.lexeme", 
    "pk": 17
},
{
    "fields": {
        "language": 3, 
        "inflection": null, 
        "syntactic_category": 4
    }, 
    "model": "wordengine.lexeme", 
    "pk": 18
},
{
    "fields": {
        "language": 1, 
        "inflection": null, 
        "syntactic_category": 2
    }, 
    "model": "wordengine.lexeme", 
    "pk": 19
},
{
    "fields": {
        "language": 3, 
        "inflection": null, 
        "syntactic_category": 2
    }, 
    "model": "wordengine.lexeme", 
    "pk": 20
},
{
    "fields": {
        "language": 1, 
        "inflection": null, 
        "syntactic_category": 2
    }, 
    "model": "wordengine.lexeme", 
    "pk": 21
},
{
    "fields": {
        "language": 3, 
        "inflection": null, 
        "syntactic_category": 2
    }, 
    "model": "wordengine.lexeme", 
    "pk": 22
},
{
    "fields": {
        "usage_constraint_multi": [], 
        "dialect_multi": [], 
        "lexeme_1": 1, 
        "lexeme_2": 2, 
        "is_deleted": false, 
        "comment": "", 
        "source": []
    }, 
    "model": "wordengine.translation", 
    "pk": 1
},
{
    "fields": {
        "usage_constraint_multi": [], 
        "dialect_multi": [], 
        "lexeme_1": 10, 
        "lexeme_2": 1, 
        "is_deleted": false, 
        "comment": "", 
        "source": []
    }, 
    "model": "wordengine.translation", 
    "pk": 2
},
{
    "fields": {
        "usage_constraint_multi": [], 
        "dialect_multi": [], 
        "lexeme_1": 12, 
        "lexeme_2": 11, 
        "is_deleted": false, 
        "comment": "", 
        "source": []
    }, 
    "model": "wordengine.translation", 
    "pk": 3
},
{
    "fields": {
        "usage_constraint_multi": [], 
        "dialect_multi": [], 
        "lexeme_1": 14, 
        "lexeme_2": 15, 
        "is_deleted": false, 
        "comment": "", 
        "source": [
            1
        ]
    }, 
    "model": "wordengine.translation", 
    "pk": 4
},
{
    "fields": {
        "usage_constraint_multi": [], 
        "dialect_multi": [], 
        "lexeme_1": 16, 
        "lexeme_2": 17, 
        "is_deleted": false, 
        "comment": "", 
        "source": [
            1
        ]
    }, 
    "model": "wordengine.translation", 
    "pk": 5
},
{
    "fields": {
        "usage_constraint_multi": [], 
        "dialect_multi": [], 
        "lexeme_1": 16, 
        "lexeme_2": 18, 
        "is_deleted": false, 
        "comment": "", 
        "source": [
            1
        ]
    }, 
    "model": "wordengine.translation", 
    "pk": 6
},
{
    "fields": {
        "usage_constraint_multi": [], 
        "dialect_multi": [], 
        "lexeme_1": 19, 
        "lexeme_2": 20, 
        "is_deleted": false, 
        "comment": "", 
        "source": [
            1
        ]
    }, 
    "model": "wordengine.translation", 
    "pk": 7
},
{
    "fields": {
        "usage_constraint_multi": [], 
        "dialect_multi": [], 
        "lexeme_1": 21, 
        "lexeme_2": 22, 
        "is_deleted": false, 
        "comment": "", 
        "source": [
            1
        ]
    }, 
    "model": "wordengine.translation", 
    "pk": 8
},
{
    "fields": {
        "comment": "", 
        "dialect_multi": [], 
        "is_deleted": false, 
        "writing_system": 2, 
        "lexeme": 1, 
        "spelling": "tullA", 
        "source": [], 
        "gramm_category_set": 1
    }, 
    "model": "wordengine.wordform", 
    "pk": 1
},
{
    "fields": {
        "comment": "", 
        "dialect_multi": [], 
        "is_deleted": false, 
        "writing_system": 2, 
        "lexeme": 1, 
        "spelling": "tulema", 
        "source": [], 
        "gramm_category_set": 2
    }, 
    "model": "wordengine.wordform", 
    "pk": 2
},
{
    "fields": {
        "comment": "", 
        "dialect_multi": [], 
        "is_deleted": false, 
        "writing_system": null, 
        "lexeme": 2, 
        "spelling": "\u0438\u0434\u0442\u0438", 
        "source": [], 
        "gramm_category_set": 7
    }, 
    "model": "wordengine.wordform", 
    "pk": 3
},
{
    "fields": {
        "comment": "", 
        "dialect_multi": [], 
        "is_deleted": false, 
        "writing_system": null, 
        "lexeme": 10, 
        "spelling": "\u043f\u0440\u0438\u0445\u043e\u0434\u0438\u0442\u044c", 
        "source": [], 
        "gramm_category_set": 7
    }, 
    "model": "wordengine.wordform", 
    "pk": 4
},
{
    "fields": {
        "comment": "", 
        "dialect_multi": [], 
        "is_deleted": false, 
        "writing_system": 2, 
        "lexeme": 11, 
        "spelling": "kissA", 
        "source": [], 
        "gramm_category_set": 5
    }, 
    "model": "wordengine.wordform", 
    "pk": 5
},
{
    "fields": {
        "comment": "", 
        "dialect_multi": [], 
        "is_deleted": false, 
        "writing_system": null, 
        "lexeme": 12, 
        "spelling": "\u043a\u043e\u0448\u043a\u0430", 
        "source": [], 
        "gramm_category_set": 5
    }, 
    "model": "wordengine.wordform", 
    "pk": 6
},
{
    "fields": {
        "comment": "", 
        "dialect_multi": [], 
        "is_deleted": false, 
        "writing_system": null, 
        "lexeme": 13, 
        "spelling": "test", 
        "source": [], 
        "gramm_category_set": null
    }, 
    "model": "wordengine.wordform", 
    "pk": 7
},
{
    "fields": {
        "comment": "", 
        "dialect_multi": [], 
        "is_deleted": false, 
        "writing_system": null, 
        "lexeme": 13, 
        "spelling": "tulla", 
        "source": [], 
        "gramm_category_set": null
    }, 
    "model": "wordengine.wordform", 
    "pk": 8
},
{
    "fields": {
        "comment": "", 
        "dialect_multi": [], 
        "is_deleted": false, 
        "writing_system": 2, 
        "lexeme": 14, 
        "spelling": "a", 
        "source": [], 
        "gramm_category_set": null
    }, 
    "model": "wordengine.wordform", 
    "pk": 9
},
{
    "fields": {
        "comment": "", 
        "dialect_multi": [], 
        "is_deleted": false, 
        "writing_system": null, 
        "lexeme": 15, 
        "spelling": "no", 
        "source": [], 
        "gramm_category_set": null
    }, 
    "model": "wordengine.wordform", 
    "pk": 10
},
{
    "fields": {
        "comment": "", 
        "dialect_multi": [], 
        "is_deleted": false, 
        "writing_system": null, 
        "lexeme": 17, 
        "spelling": "mutta", 
        "source": [], 
        "gramm_category_set": null
    }, 
    "model": "wordengine.wordform", 
    "pk": 11
},
{
    "fields": {
        "comment": "", 
        "dialect_multi": [], 
        "is_deleted": false, 
        "writing_system": 2, 
        "lexeme": 16, 
        "spelling": "a", 
        "source": [], 
        "gramm_category_set": null
    }, 
    "model": "wordengine.wordform", 
    "pk": 12
},
{
    "fields": {
        "comment": "", 
        "dialect_multi": [], 
        "is_deleted": false, 
        "writing_system": null, 
        "lexeme": 18, 
        "spelling": "kun taas", 
        "source": [], 
        "gramm_category_set": null
    }, 
    "model": "wordengine.wordform", 
    "pk": 13
},
{
    "fields": {
        "comment": "", 
        "dialect_multi": [], 
        "is_deleted": false, 
        "writing_system": 2, 
        "lexeme": 19, 
        "spelling": "aBi", 
        "source": [], 
        "gramm_category_set": 5
    }, 
    "model": "wordengine.wordform", 
    "pk": 14
},
{
    "fields": {
        "comment": "", 
        "dialect_multi": [
            1
        ], 
        "is_deleted": false, 
        "writing_system": 2, 
        "lexeme": 19, 
        "spelling": "api", 
        "source": [], 
        "gramm_category_set": 5
    }, 
    "model": "wordengine.wordform", 
    "pk": 15
},
{
    "fields": {
        "comment": "", 
        "dialect_multi": [], 
        "is_deleted": false, 
        "writing_system": null, 
        "lexeme": 20, 
        "spelling": "apu", 
        "source": [], 
        "gramm_category_set": null
    }, 
    "model": "wordengine.wordform", 
    "pk": 16
},
{
    "fields": {
        "comment": "", 
        "dialect_multi": [], 
        "is_deleted": false, 
        "writing_system": 2, 
        "lexeme": 21, 
        "spelling": "i\u017eora", 
        "source": [], 
        "gramm_category_set": 5
    }, 
    "model": "wordengine.wordform", 
    "pk": 17
},
{
    "fields": {
        "comment": "", 
        "dialect_multi": [], 
        "is_deleted": false, 
        "writing_system": null, 
        "lexeme": 22, 
        "spelling": "inkerikot", 
        "source": [], 
        "gramm_category_set": null
    }, 
    "model": "wordengine.wordform", 
    "pk": 18
},
{
    "fields": {
        "content_type": 1, 
        "codename": "add_permission", 
        "name": "Can add permission"
    }, 
    "model": "auth.permission", 
    "pk": 1
},
{
    "fields": {
        "content_type": 1, 
        "codename": "change_permission", 
        "name": "Can change permission"
    }, 
    "model": "auth.permission", 
    "pk": 2
},
{
    "fields": {
        "content_type": 1, 
        "codename": "delete_permission", 
        "name": "Can delete permission"
    }, 
    "model": "auth.permission", 
    "pk": 3
},
{
    "fields": {
        "content_type": 2, 
        "codename": "add_group", 
        "name": "Can add group"
    }, 
    "model": "auth.permission", 
    "pk": 4
},
{
    "fields": {
        "content_type": 2, 
        "codename": "change_group", 
        "name": "Can change group"
    }, 
    "model": "auth.permission", 
    "pk": 5
},
{
    "fields": {
        "content_type": 2, 
        "codename": "delete_group", 
        "name": "Can delete group"
    }, 
    "model": "auth.permission", 
    "pk": 6
},
{
    "fields": {
        "content_type": 3, 
        "codename": "add_user", 
        "name": "Can add user"
    }, 
    "model": "auth.permission", 
    "pk": 7
},
{
    "fields": {
        "content_type": 3, 
        "codename": "change_user", 
        "name": "Can change user"
    }, 
    "model": "auth.permission", 
    "pk": 8
},
{
    "fields": {
        "content_type": 3, 
        "codename": "delete_user", 
        "name": "Can delete user"
    }, 
    "model": "auth.permission", 
    "pk": 9
},
{
    "fields": {
        "content_type": 4, 
        "codename": "add_contenttype", 
        "name": "Can add content type"
    }, 
    "model": "auth.permission", 
    "pk": 10
},
{
    "fields": {
        "content_type": 4, 
        "codename": "change_contenttype", 
        "name": "Can change content type"
    }, 
    "model": "auth.permission", 
    "pk": 11
},
{
    "fields": {
        "content_type": 4, 
        "codename": "delete_contenttype", 
        "name": "Can delete content type"
    }, 
    "model": "auth.permission", 
    "pk": 12
},
{
    "fields": {
        "content_type": 5, 
        "codename": "add_session", 
        "name": "Can add session"
    }, 
    "model": "auth.permission", 
    "pk": 13
},
{
    "fields": {
        "content_type": 5, 
        "codename": "change_session", 
        "name": "Can change session"
    }, 
    "model": "auth.permission", 
    "pk": 14
},
{
    "fields": {
        "content_type": 5, 
        "codename": "delete_session", 
        "name": "Can delete session"
    }, 
    "model": "auth.permission", 
    "pk": 15
},
{
    "fields": {
        "content_type": 6, 
        "codename": "add_site", 
        "name": "Can add site"
    }, 
    "model": "auth.permission", 
    "pk": 16
},
{
    "fields": {
        "content_type": 6, 
        "codename": "change_site", 
        "name": "Can change site"
    }, 
    "model": "auth.permission", 
    "pk": 17
},
{
    "fields": {
        "content_type": 6, 
        "codename": "delete_site", 
        "name": "Can delete site"
    }, 
    "model": "auth.permission", 
    "pk": 18
},
{
    "fields": {
        "content_type": 7, 
        "codename": "add_logentry", 
        "name": "Can add log entry"
    }, 
    "model": "auth.permission", 
    "pk": 19
},
{
    "fields": {
        "content_type": 7, 
        "codename": "change_logentry", 
        "name": "Can change log entry"
    }, 
    "model": "auth.permission", 
    "pk": 20
},
{
    "fields": {
        "content_type": 7, 
        "codename": "delete_logentry", 
        "name": "Can delete log entry"
    }, 
    "model": "auth.permission", 
    "pk": 21
},
{
    "fields": {
        "content_type": 8, 
        "codename": "add_syntacticcategory", 
        "name": "Can add syntactic category"
    }, 
    "model": "auth.permission", 
    "pk": 22
},
{
    "fields": {
        "content_type": 8, 
        "codename": "change_syntacticcategory", 
        "name": "Can change syntactic category"
    }, 
    "model": "auth.permission", 
    "pk": 23
},
{
    "fields": {
        "content_type": 8, 
        "codename": "delete_syntacticcategory", 
        "name": "Can delete syntactic category"
    }, 
    "model": "auth.permission", 
    "pk": 24
},
{
    "fields": {
        "content_type": 9, 
        "codename": "add_usageconstraint", 
        "name": "Can add usage constraint"
    }, 
    "model": "auth.permission", 
    "pk": 25
},
{
    "fields": {
        "content_type": 9, 
        "codename": "change_usageconstraint", 
        "name": "Can change usage constraint"
    }, 
    "model": "auth.permission", 
    "pk": 26
},
{
    "fields": {
        "content_type": 9, 
        "codename": "delete_usageconstraint", 
        "name": "Can delete usage constraint"
    }, 
    "model": "auth.permission", 
    "pk": 27
},
{
    "fields": {
        "content_type": 10, 
        "codename": "add_grammcategorytype", 
        "name": "Can add gramm category type"
    }, 
    "model": "auth.permission", 
    "pk": 28
},
{
    "fields": {
        "content_type": 10, 
        "codename": "change_grammcategorytype", 
        "name": "Can change gramm category type"
    }, 
    "model": "auth.permission", 
    "pk": 29
},
{
    "fields": {
        "content_type": 10, 
        "codename": "delete_grammcategorytype", 
        "name": "Can delete gramm category type"
    }, 
    "model": "auth.permission", 
    "pk": 30
},
{
    "fields": {
        "content_type": 11, 
        "codename": "add_grammcategory", 
        "name": "Can add gramm category"
    }, 
    "model": "auth.permission", 
    "pk": 31
},
{
    "fields": {
        "content_type": 11, 
        "codename": "change_grammcategory", 
        "name": "Can change gramm category"
    }, 
    "model": "auth.permission", 
    "pk": 32
},
{
    "fields": {
        "content_type": 11, 
        "codename": "delete_grammcategory", 
        "name": "Can delete gramm category"
    }, 
    "model": "auth.permission", 
    "pk": 33
},
{
    "fields": {
        "content_type": 12, 
        "codename": "add_grammcategoryset", 
        "name": "Can add gramm category set"
    }, 
    "model": "auth.permission", 
    "pk": 34
},
{
    "fields": {
        "content_type": 12, 
        "codename": "change_grammcategoryset", 
        "name": "Can change gramm category set"
    }, 
    "model": "auth.permission", 
    "pk": 35
},
{
    "fields": {
        "content_type": 12, 
        "codename": "delete_grammcategoryset", 
        "name": "Can delete gramm category set"
    }, 
    "model": "auth.permission", 
    "pk": 36
},
{
    "fields": {
        "content_type": 13, 
        "codename": "add_language", 
        "name": "Can add language"
    }, 
    "model": "auth.permission", 
    "pk": 37
},
{
    "fields": {
        "content_type": 13, 
        "codename": "change_language", 
        "name": "Can change language"
    }, 
    "model": "auth.permission", 
    "pk": 38
},
{
    "fields": {
        "content_type": 13, 
        "codename": "delete_language", 
        "name": "Can delete language"
    }, 
    "model": "auth.permission", 
    "pk": 39
},
{
    "fields": {
        "content_type": 14, 
        "codename": "add_sourcetype", 
        "name": "Can add source type"
    }, 
    "model": "auth.permission", 
    "pk": 40
},
{
    "fields": {
        "content_type": 14, 
        "codename": "change_sourcetype", 
        "name": "Can change source type"
    }, 
    "model": "auth.permission", 
    "pk": 41
},
{
    "fields": {
        "content_type": 14, 
        "codename": "delete_sourcetype", 
        "name": "Can delete source type"
    }, 
    "model": "auth.permission", 
    "pk": 42
},
{
    "fields": {
        "content_type": 15, 
        "codename": "add_source", 
        "name": "Can add source"
    }, 
    "model": "auth.permission", 
    "pk": 43
},
{
    "fields": {
        "content_type": 15, 
        "codename": "change_source", 
        "name": "Can change source"
    }, 
    "model": "auth.permission", 
    "pk": 44
},
{
    "fields": {
        "content_type": 15, 
        "codename": "delete_source", 
        "name": "Can delete source"
    }, 
    "model": "auth.permission", 
    "pk": 45
},
{
    "fields": {
        "content_type": 16, 
        "codename": "add_dictchange", 
        "name": "Can add dict change"
    }, 
    "model": "auth.permission", 
    "pk": 46
},
{
    "fields": {
        "content_type": 16, 
        "codename": "change_dictchange", 
        "name": "Can change dict change"
    }, 
    "model": "auth.permission", 
    "pk": 47
},
{
    "fields": {
        "content_type": 16, 
        "codename": "delete_dictchange", 
        "name": "Can delete dict change"
    }, 
    "model": "auth.permission", 
    "pk": 48
},
{
    "fields": {
        "content_type": 17, 
        "codename": "add_fieldchange", 
        "name": "Can add field change"
    }, 
    "model": "auth.permission", 
    "pk": 49
},
{
    "fields": {
        "content_type": 17, 
        "codename": "change_fieldchange", 
        "name": "Can change field change"
    }, 
    "model": "auth.permission", 
    "pk": 50
},
{
    "fields": {
        "content_type": 17, 
        "codename": "delete_fieldchange", 
        "name": "Can delete field change"
    }, 
    "model": "auth.permission", 
    "pk": 51
},
{
    "fields": {
        "content_type": 18, 
        "codename": "add_dialect", 
        "name": "Can add dialect"
    }, 
    "model": "auth.permission", 
    "pk": 52
},
{
    "fields": {
        "content_type": 18, 
        "codename": "change_dialect", 
        "name": "Can change dialect"
    }, 
    "model": "auth.permission", 
    "pk": 53
},
{
    "fields": {
        "content_type": 18, 
        "codename": "delete_dialect", 
        "name": "Can delete dialect"
    }, 
    "model": "auth.permission", 
    "pk": 54
},
{
    "fields": {
        "content_type": 19, 
        "codename": "add_writingsystemtype", 
        "name": "Can add writing system type"
    }, 
    "model": "auth.permission", 
    "pk": 55
},
{
    "fields": {
        "content_type": 19, 
        "codename": "change_writingsystemtype", 
        "name": "Can change writing system type"
    }, 
    "model": "auth.permission", 
    "pk": 56
},
{
    "fields": {
        "content_type": 19, 
        "codename": "delete_writingsystemtype", 
        "name": "Can delete writing system type"
    }, 
    "model": "auth.permission", 
    "pk": 57
},
{
    "fields": {
        "content_type": 20, 
        "codename": "add_writingsystem", 
        "name": "Can add writing system"
    }, 
    "model": "auth.permission", 
    "pk": 58
},
{
    "fields": {
        "content_type": 20, 
        "codename": "change_writingsystem", 
        "name": "Can change writing system"
    }, 
    "model": "auth.permission", 
    "pk": 59
},
{
    "fields": {
        "content_type": 20, 
        "codename": "delete_writingsystem", 
        "name": "Can delete writing system"
    }, 
    "model": "auth.permission", 
    "pk": 60
},
{
    "fields": {
        "content_type": 21, 
        "codename": "add_grammcategorysetlanguageorder", 
        "name": "Can add gramm category set language order"
    }, 
    "model": "auth.permission", 
    "pk": 61
},
{
    "fields": {
        "content_type": 21, 
        "codename": "change_grammcategorysetlanguageorder", 
        "name": "Can change gramm category set language order"
    }, 
    "model": "auth.permission", 
    "pk": 62
},
{
    "fields": {
        "content_type": 21, 
        "codename": "delete_grammcategorysetlanguageorder", 
        "name": "Can delete gramm category set language order"
    }, 
    "model": "auth.permission", 
    "pk": 63
},
{
    "fields": {
        "content_type": 22, 
        "codename": "add_grammcategorysetlanguageorder", 
        "name": "Can add gramm category set language order"
    }, 
    "model": "auth.permission", 
    "pk": 64
},
{
    "fields": {
        "content_type": 22, 
        "codename": "change_grammcategorysetlanguageorder", 
        "name": "Can change gramm category set language order"
    }, 
    "model": "auth.permission", 
    "pk": 65
},
{
    "fields": {
        "content_type": 22, 
        "codename": "delete_grammcategorysetlanguageorder", 
        "name": "Can delete gramm category set language order"
    }, 
    "model": "auth.permission", 
    "pk": 66
},
{
    "fields": {
        "content_type": 23, 
        "codename": "add_inflection", 
        "name": "Can add inflection"
    }, 
    "model": "auth.permission", 
    "pk": 67
},
{
    "fields": {
        "content_type": 23, 
        "codename": "change_inflection", 
        "name": "Can change inflection"
    }, 
    "model": "auth.permission", 
    "pk": 68
},
{
    "fields": {
        "content_type": 23, 
        "codename": "delete_inflection", 
        "name": "Can delete inflection"
    }, 
    "model": "auth.permission", 
    "pk": 69
},
{
    "fields": {
        "content_type": 24, 
        "codename": "add_lexeme", 
        "name": "Can add lexeme"
    }, 
    "model": "auth.permission", 
    "pk": 70
},
{
    "fields": {
        "content_type": 24, 
        "codename": "change_lexeme", 
        "name": "Can change lexeme"
    }, 
    "model": "auth.permission", 
    "pk": 71
},
{
    "fields": {
        "content_type": 24, 
        "codename": "delete_lexeme", 
        "name": "Can delete lexeme"
    }, 
    "model": "auth.permission", 
    "pk": 72
},
{
    "fields": {
        "content_type": 25, 
        "codename": "add_translatedterm", 
        "name": "Can add translated term"
    }, 
    "model": "auth.permission", 
    "pk": 73
},
{
    "fields": {
        "content_type": 25, 
        "codename": "change_translatedterm", 
        "name": "Can change translated term"
    }, 
    "model": "auth.permission", 
    "pk": 74
},
{
    "fields": {
        "content_type": 25, 
        "codename": "delete_translatedterm", 
        "name": "Can delete translated term"
    }, 
    "model": "auth.permission", 
    "pk": 75
},
{
    "fields": {
        "content_type": 26, 
        "codename": "add_translation", 
        "name": "Can add translation"
    }, 
    "model": "auth.permission", 
    "pk": 76
},
{
    "fields": {
        "content_type": 26, 
        "codename": "change_translation", 
        "name": "Can change translation"
    }, 
    "model": "auth.permission", 
    "pk": 77
},
{
    "fields": {
        "content_type": 26, 
        "codename": "delete_translation", 
        "name": "Can delete translation"
    }, 
    "model": "auth.permission", 
    "pk": 78
},
{
    "fields": {
        "content_type": 27, 
        "codename": "add_wordform", 
        "name": "Can add wordform"
    }, 
    "model": "auth.permission", 
    "pk": 79
},
{
    "fields": {
        "content_type": 27, 
        "codename": "change_wordform", 
        "name": "Can change wordform"
    }, 
    "model": "auth.permission", 
    "pk": 80
},
{
    "fields": {
        "content_type": 27, 
        "codename": "delete_wordform", 
        "name": "Can delete wordform"
    }, 
    "model": "auth.permission", 
    "pk": 81
},
{
    "fields": {
        "content_type": 28, 
        "codename": "add_wordformsample", 
        "name": "Can add wordform sample"
    }, 
    "model": "auth.permission", 
    "pk": 82
},
{
    "fields": {
        "content_type": 28, 
        "codename": "change_wordformsample", 
        "name": "Can change wordform sample"
    }, 
    "model": "auth.permission", 
    "pk": 83
},
{
    "fields": {
        "content_type": 28, 
        "codename": "delete_wordformsample", 
        "name": "Can delete wordform sample"
    }, 
    "model": "auth.permission", 
    "pk": 84
},
{
    "fields": {
        "password": "pbkdf2_sha256$12000$RVV1gkhHwHCn$6IP6t4ASFFJox0RD+iXJJgqCSkcjSPSJeQOF+FQJh60=", 
        "is_active": true, 
        "is_superuser": true, 
        "user_permissions": [], 
        "date_joined": "2014-04-09T18:55:40.146Z", 
        "groups": [], 
        "first_name": "", 
        "is_staff": true, 
        "email": "", 
        "last_name": "", 
        "username": "krom", 
        "last_login": "2014-04-16T13:50:27.444Z"
    }, 
    "model": "auth.user", 
    "pk": 1
},
{
    "fields": {
        "action_time": "2014-04-09T20:27:08.529Z", 
        "content_type": 13, 
        "user": 1, 
        "object_repr": "I\u017eoran", 
        "change_message": "Changed term_full.", 
        "action_flag": 2, 
        "object_id": "1"
    }, 
    "model": "admin.logentry", 
    "pk": 1
},
{
    "fields": {
        "action_time": "2014-04-09T20:36:02.833Z", 
        "content_type": 13, 
        "user": 1, 
        "object_repr": "I\u017eoran", 
        "change_message": "Changed term_full.", 
        "action_flag": 2, 
        "object_id": "1"
    }, 
    "model": "admin.logentry", 
    "pk": 2
},
{
    "fields": {
        "action_time": "2014-04-09T20:42:42.719Z", 
        "content_type": 13, 
        "user": 1, 
        "object_repr": "\u017e\u017e\u00e4\u0161\u00e4\u00eb\u0161\u00f5\u00f5\u0161wer435tr", 
        "change_message": "", 
        "action_flag": 1, 
        "object_id": "4"
    }, 
    "model": "admin.logentry", 
    "pk": 3
},
{
    "fields": {
        "action_time": "2014-04-09T20:43:04.770Z", 
        "content_type": 13, 
        "user": 1, 
        "object_repr": "\u017e\u017e\u00e4\u0161\u00e4\u00eb\u0161\u00f5\u00f5\u0161wer435tr", 
        "change_message": "", 
        "action_flag": 3, 
        "object_id": "4"
    }, 
    "model": "admin.logentry", 
    "pk": 4
},
{
    "fields": {
        "action_time": "2014-04-09T20:43:27.803Z", 
        "content_type": 13, 
        "user": 1, 
        "object_repr": "\u017e\u017e\u00e4\u0161\u00e4\u00eb\u0161\u00f5\u00f5\u0161wer435tr", 
        "change_message": "", 
        "action_flag": 3, 
        "object_id": "4"
    }, 
    "model": "admin.logentry", 
    "pk": 5
},
{
    "fields": {
        "action_time": "2014-04-17T07:35:54.659Z", 
        "content_type": 11, 
        "user": 1, 
        "object_repr": "Infinitive (1) Infiniteness", 
        "change_message": "Changed gramm_category_type.", 
        "action_flag": 2, 
        "object_id": "36"
    }, 
    "model": "admin.logentry", 
    "pk": 6
},
{
    "fields": {
        "action_time": "2014-04-17T07:36:01.363Z", 
        "content_type": 11, 
        "user": 1, 
        "object_repr": "Infinitive Infiniteness", 
        "change_message": "Changed gramm_category_type.", 
        "action_flag": 2, 
        "object_id": "35"
    }, 
    "model": "admin.logentry", 
    "pk": 7
},
{
    "fields": {
        "action_time": "2014-04-17T07:36:29.308Z", 
        "content_type": 11, 
        "user": 1, 
        "object_repr": "ma-infinitive Infiniteness", 
        "change_message": "Changed gramm_category_type.", 
        "action_flag": 2, 
        "object_id": "34"
    }, 
    "model": "admin.logentry", 
    "pk": 8
},
{
    "fields": {
        "action_time": "2014-04-17T07:36:33.763Z", 
        "content_type": 11, 
        "user": 1, 
        "object_repr": "da-infinitive Infiniteness", 
        "change_message": "Changed gramm_category_type.", 
        "action_flag": 2, 
        "object_id": "33"
    }, 
    "model": "admin.logentry", 
    "pk": 9
},
{
    "fields": {
        "action_time": "2014-04-17T07:37:27.804Z", 
        "content_type": 10, 
        "user": 1, 
        "object_repr": "Infinitive", 
        "change_message": "Changed term_full.", 
        "action_flag": 2, 
        "object_id": "6"
    }, 
    "model": "admin.logentry", 
    "pk": 10
},
{
    "fields": {
        "action_time": "2014-04-17T07:37:53.088Z", 
        "content_type": 11, 
        "user": 1, 
        "object_repr": "1st Infinitive", 
        "change_message": "Changed term_full.", 
        "action_flag": 2, 
        "object_id": "35"
    }, 
    "model": "admin.logentry", 
    "pk": 11
},
{
    "fields": {
        "action_time": "2014-04-17T07:38:37.202Z", 
        "content_type": 11, 
        "user": 1, 
        "object_repr": "  Infinitive", 
        "change_message": "Changed term_full.", 
        "action_flag": 2, 
        "object_id": "35"
    }, 
    "model": "admin.logentry", 
    "pk": 12
},
{
    "fields": {
        "action_time": "2014-04-17T07:38:43.700Z", 
        "content_type": 11, 
        "user": 1, 
        "object_repr": "1st Infinitive", 
        "change_message": "Changed term_full.", 
        "action_flag": 2, 
        "object_id": "36"
    }, 
    "model": "admin.logentry", 
    "pk": 13
},
{
    "fields": {
        "action_time": "2014-04-17T07:38:50.324Z", 
        "content_type": 11, 
        "user": 1, 
        "object_repr": "ma- Infinitive", 
        "change_message": "Changed term_full.", 
        "action_flag": 2, 
        "object_id": "34"
    }, 
    "model": "admin.logentry", 
    "pk": 14
},
{
    "fields": {
        "action_time": "2014-04-17T07:38:56.060Z", 
        "content_type": 11, 
        "user": 1, 
        "object_repr": "da- Infinitive", 
        "change_message": "Changed term_full.", 
        "action_flag": 2, 
        "object_id": "33"
    }, 
    "model": "admin.logentry", 
    "pk": 15
},
{
    "fields": {
        "action_time": "2014-04-17T07:40:49.723Z", 
        "content_type": 13, 
        "user": 1, 
        "object_repr": "Suomi", 
        "change_message": "Changed term_full.", 
        "action_flag": 2, 
        "object_id": "3"
    }, 
    "model": "admin.logentry", 
    "pk": 16
},
{
    "fields": {
        "action_time": "2014-04-17T11:38:29.616Z", 
        "content_type": 12, 
        "user": 1, 
        "object_repr": "Nominative Case Plural Number", 
        "change_message": "", 
        "action_flag": 1, 
        "object_id": "9"
    }, 
    "model": "admin.logentry", 
    "pk": 17
},
{
    "fields": {
        "action_time": "2014-04-17T11:38:44.464Z", 
        "content_type": 12, 
        "user": 1, 
        "object_repr": "Partitive Case Plural Number", 
        "change_message": "", 
        "action_flag": 1, 
        "object_id": "10"
    }, 
    "model": "admin.logentry", 
    "pk": 18
},
{
    "fields": {
        "action_time": "2014-04-17T11:38:55.931Z", 
        "content_type": 12, 
        "user": 1, 
        "object_repr": "Partitive Case Singular Number", 
        "change_message": "", 
        "action_flag": 1, 
        "object_id": "11"
    }, 
    "model": "admin.logentry", 
    "pk": 19
},
{
    "fields": {
        "action_time": "2014-04-17T11:39:22.267Z", 
        "content_type": 12, 
        "user": 1, 
        "object_repr": "Illative Case Singular Number", 
        "change_message": "", 
        "action_flag": 1, 
        "object_id": "12"
    }, 
    "model": "admin.logentry", 
    "pk": 20
},
{
    "fields": {
        "action_time": "2014-04-17T11:39:53.183Z", 
        "content_type": 12, 
        "user": 1, 
        "object_repr": "Genitive Case Plural Number", 
        "change_message": "", 
        "action_flag": 1, 
        "object_id": "13"
    }, 
    "model": "admin.logentry", 
    "pk": 21
},
{
    "fields": {
        "action_time": "2014-04-17T11:40:08.102Z", 
        "content_type": 12, 
        "user": 1, 
        "object_repr": "Illative Case Singular Number", 
        "change_message": "", 
        "action_flag": 1, 
        "object_id": "14"
    }, 
    "model": "admin.logentry", 
    "pk": 22
},
{
    "fields": {
        "action_time": "2014-04-17T11:40:22.525Z", 
        "content_type": 12, 
        "user": 1, 
        "object_repr": "Illative Case Plural Number", 
        "change_message": "Changed gramm_category_multi.", 
        "action_flag": 2, 
        "object_id": "14"
    }, 
    "model": "admin.logentry", 
    "pk": 23
},
{
    "fields": {
        "action_time": "2014-04-17T12:50:34.117Z", 
        "content_type": 12, 
        "user": 1, 
        "object_repr": "  Infinitive", 
        "change_message": "Changed language.", 
        "action_flag": 2, 
        "object_id": "7"
    }, 
    "model": "admin.logentry", 
    "pk": 24
},
{
    "fields": {
        "action_time": "2014-04-22T12:03:03.389Z", 
        "content_type": 8, 
        "user": 1, 
        "object_repr": "Adjective", 
        "change_message": "Changed term_abbr.", 
        "action_flag": 2, 
        "object_id": "3"
    }, 
    "model": "admin.logentry", 
    "pk": 25
},
{
    "fields": {
        "action_time": "2014-04-22T12:03:07.954Z", 
        "content_type": 8, 
        "user": 1, 
        "object_repr": "Noun", 
        "change_message": "Changed term_abbr.", 
        "action_flag": 2, 
        "object_id": "2"
    }, 
    "model": "admin.logentry", 
    "pk": 26
},
{
    "fields": {
        "action_time": "2014-04-22T12:03:12.658Z", 
        "content_type": 8, 
        "user": 1, 
        "object_repr": "Verb", 
        "change_message": "Changed term_abbr.", 
        "action_flag": 2, 
        "object_id": "1"
    }, 
    "model": "admin.logentry", 
    "pk": 27
},
{
    "fields": {
        "action_time": "2014-04-22T12:03:36.236Z", 
        "content_type": 8, 
        "user": 1, 
        "object_repr": "Conjunction", 
        "change_message": "", 
        "action_flag": 1, 
        "object_id": "4"
    }, 
    "model": "admin.logentry", 
    "pk": 28
},
{
    "fields": {
        "action_time": "2014-04-22T12:03:44.052Z", 
        "content_type": 8, 
        "user": 1, 
        "object_repr": "Interjaction", 
        "change_message": "", 
        "action_flag": 1, 
        "object_id": "5"
    }, 
    "model": "admin.logentry", 
    "pk": 29
},
{
    "fields": {
        "timestamp_review": null, 
        "timestamp_change": "2014-04-14T14:32:00.541Z", 
        "user_changer": 1, 
        "user_reviewer": null, 
        "comment": "", 
        "object_type": "Wordform", 
        "object_id": 7
    }, 
    "model": "wordengine.dictchange", 
    "pk": 1
},
{
    "fields": {
        "timestamp_review": null, 
        "timestamp_change": "2014-04-14T14:33:40.491Z", 
        "user_changer": 1, 
        "user_reviewer": null, 
        "comment": "", 
        "object_type": "Wordform", 
        "object_id": 8
    }, 
    "model": "wordengine.dictchange", 
    "pk": 2
}
]
